{
  "products": [
    {
      "id": 1,
      "name": "Shirts",
      "category_id": 2,
      "descriptions": "Product 1 description here",
      "price": 500,
      "is_available": true,
      "productImg": "/assets/images/Shirt.jpg",
      "rating": 1,
      "review": 150,
      "vendor_name": "AsuShop",
      "waranty": 1,
      "color": "red"
    },
    {
      "id": 2,
      "name": "Paints",
      "category_id": 2,
      "descriptions": "Product 2 description here",
      "price": 1000,
      "is_available": true,
      "productImg": "/assets/images/Pant.png",
      "rating": 1,
      "review": 150,
      "vendor_name": "AsuShop",
      "waranty": 1,
      "color": "red"
    },
    {
      "id": 3,
      "name": "Burqa",
      "category_id": 3,
      "descriptions": "Product 3 description here",
      "price": 1600,
      "is_available": true,
      "rating": 1,
      "productImg": "/assets/images/Shirt.jpg",
      "review": 150,
      "vendor_name": "AsuShop",
      "waranty": 1,
      "color": "red"
    },
    {
      "id": 4,
      "name": "Scarf",
      "category_id": 3,
      "descriptions": "Product 4 description here",
      "price": 1500,
      "is_available": true,
      "rating": 1,
      "productImg": "/assets/images/Shirt.jpg",
      "review": 150,
      "vendor_name": "AsuShop",
      "waranty": 1,
      "color": "red"
    },
    {
      "id": 5,
      "name": "radio",
      "category_id": "1",
      "description": "this is tetst",
      "rating": "1",
      "color": "black",
      "is_available": "no"
    }
  ],
  "categories": [
    {
      "id": 1,
      "categoryName": "Electronics"
    },
    {
      "id": 2,
      "categoryName": "Men"
    },
    {
      "id": 3,
      "categoryName": "Women"
    },
    {
      "id": 4,
      "categoryName": "Fruits"
    },
    {
      "id": 5,
      "categoryName": "Home & Furniture"
    },
    {
      "id": 6,
      "categoryName": "Baby & Kids"
    }
  ],
  "comments": [
    {
      "id": 1,
      "body": "First comment",
      "postId": 1
    },
    {
      "id": 2,
      "body": "Second comment",
      "postId": 1
    },
    {
      "id": 1,
      "body": "Third comment",
      "postId": 1
    }
  ],
  "profile": {
    "name": "hamzazulfiqar",
    "password": "****)"
  }
}